OBJECTID,Province_State,Country_Region,Last_Update,Lat,Long_,Confirmed,Deaths,Recovered,Active,FIPS,Incident_Rate,People_Tested,People_Hospitalized,Mortality_Rate,UID,ISO3,Hospitalization_Rate,Testing_Rate
497,California,US,1610296229000,36.1162,-119.6816,2675262,29707,,2645555,06,6770.72003769568,35353748,,1.11043329587906,84000006,USA,,89475.4719318121
582,England,United Kingdom,1610296229000,52.3555,-1.1743,2664129,71039,,2593090,,4759.31093373731,,,2.66650000807018,82601,GBR,,
198,Maharashtra,India,1610296229000,19.449759,76.108221,1965556,50027,1861400,54129,,1596.141460895,,,2.54518314410783,35620,IND,,
541,Texas,US,1610296229000,31.0545,-97.5635,1953646,30313,1549210,374123,48,6737.66732592122,14653811,,1.55161170447461,84000048,USA,,50537.5608349338
45,Sao Paulo,Brazil,1610296229000,-23.5505,-46.6333,1540513,48298,1350513,141702,,3354.84517547391,,,3.13518938171895,7625,BRA,,
503,Florida,US,1610296229000,27.7663,-81.6868,1464697,22804,,1441893,12,6819.60580856354,16715694,,1.55690903989016,84000012,USA,,77828.0039465983
528,New York,US,1610296229000,42.1657,-74.9481,1119284,39471,109035,970778,36,5753.6201212724,27074166,,3.52645083821443,84000036,USA,,139173.316391791
509,Illinois,US,1610296229000,40.3495,-88.9861,1024039,19210,,1004829,17,8081.22999843511,14025514,,1.87590511689496,84000017,USA,,110682.702983257
193,Karnataka,India,1610296229000,14.70518,76.166436,926767,12138,905158,9471,,1371.71426251467,,,1.30971430791127,35616,IND,,
179,Andhra Pradesh,India,1610296229000,15.9129,79.74,884689,7128,874954,2607,,1641.24918815407,,,0.805706864220082,35602,IND,,
410,Moscow,Russia,1610296229000,55.7504461,37.6174943,857568,11950,695106,150512,,6856.99591603321,,,1.39347550281727,64343,RUS,,
208,Tamil Nadu,India,1610296229000,11.006091,78.400624,825537,12215,806018,7304,,1060.53900689977,,,1.47964294756019,35630,IND,,
194,Kerala,India,1610296229000,10.450898,76.405749,806603,3279,738808,64516,,2259.42740899347,,,0.406519688124145,35617,IND,,
532,Ohio,US,1610296229000,40.3888,-82.7649,770977,9599,628964,132414,39,6595.69171279226,8092160,,1.24504362646357,84000039,USA,,69228.2553832203
504,Georgia,US,1610296229000,33.0406,-83.6431,748852,11457,,737395,13,7053.04855990008,5632471,,1.52994183096259,84000013,USA,,53049.3227970667
535,Pennsylvania,US,1610296229000,40.5908,-77.2098,717277,17626,520490,179161,42,5602.85593121506,4080903,,2.45734911338297,84000042,USA,,31877.1012848082
540,Tennessee,US,1610296229000,35.7478,-86.6923,646450,7704,560642,78104,47,9466.00569849297,5908921,,1.19173950034805,84000047,USA,,86524.6807300561
186,Delhi,India,1610296229000,28.646519,77.10898,629801,10666,615452,3683,,3365.95385304904,,,1.69355082002093,35609,IND,,
529,North Carolina,US,1610296229000,35.6301,-79.8064,623188,7567,487090,128531,37,5941.86697970764,7487537,,1.21424032555184,84000037,USA,,71390.8946572129
495,Arizona,US,1610296229000,33.7298,-111.4312,618546,10141,84029,524376,04,8498.00864630401,3044506,,1.63949002984418,84000004,USA,,41827.5088865249
212,Uttar Pradesh,India,1610296229000,26.925425,80.560982,592475,8481,572773,11221,,249.061801356109,,,1.43145280391578,35633,IND,,
33,Minas Gerais,Brazil,1610296229000,-18.5122,-44.555,587868,12594,526820,48454,,2777.05042295519,,,2.14231766314887,7613,BRA,,
518,Michigan,US,1610296229000,43.3266,-84.5361,562553,14145,415079,133329,26,5632.93336432073,8515027,,2.51442975150786,84000026,USA,,85262.3302806879
214,West Bengal,India,1610296229000,23.814082,87.979803,559886,9922,541930,8034,,562.082037658671,,,1.77214647267479,35635,IND,,
510,Indiana,US,1610296229000,39.8494,-86.2583,558560,8966,364221,185373,18,8296.81862696386,6061499,,1.6051990833572,84000018,USA,,90037.163080999
548,Wisconsin,US,1610296229000,44.2685,-89.6165,548134,5567,470385,72182,55,9414.17283562167,5585041,,1.0156275655223,84000055,USA,,95922.787617687
526,New Jersey,US,1610296229000,40.2989,-74.521,523035,19854,59246,443935,34,5888.58153225725,8240865,,3.79592187903295,84000034,USA,,92779.6523154763
44,Santa Catarina,Brazil,1610296229000,-27.2423,-50.2189,518805,5611,490200,22994,,7241.03769713772,,,1.08152388662407,7624,BRA,,
121,Capital District,Colombia,1610296229000,4.711,-74.0721,513967,10472,457733,45762,,6933.72578402675,,,2.03748489689027,17008,COL,,
25,Bahia,Brazil,1610296229000,-12.5797,-41.7007,511192,9392,494972,6828,,3437.03220802385,,,1.83727444873942,7605,BRA,,
223,Lombardia,Italy,1610296229000,45.46679409,9.190347404,500758,25787,417173,57798,,4977.42971723085,,,5.14959321668351,38003,ITA,,
40,Rio Grande do Sul,Brazil,1610296229000,-30.0346,-51.2177,478501,9413,452882,16206,,4205.77435351406,,,1.9671850215569,7621,BRA,,
36,Parana,Brazil,1610296229000,-25.2521,-52.0215,471639,8742,345539,117358,,4124.8974436409,,,1.85353628516726,7616,BRA,,
41,Rio de Janeiro,Brazil,1610296229000,-22.9068,-43.1729,459866,26704,426213,6949,,2663.58249778178,,,5.80690896913449,7619,BRA,,
356,Lima,Peru,1610296229000,-11.766533,-76.604498,454697,16923,,437774,,4278.09192266077,,,3.72181914549689,60415,PER,,
521,Missouri,US,1610296229000,38.4561,-92.2884,434703,6133,,428570,29,7082.82036058101,3798436,,1.41084832632855,84000029,USA,,61889.7036348125
519,Minnesota,US,1610296229000,45.6945,-93.9002,434413,5731,412546,16136,27,7702.86075403501,5635581,,1.31925149569649,84000027,USA,,99928.1690720246
170,Nordrhein-Westfalen,Germany,1610296229000,51.4332,7.6616,427710,7942,356170,63598,,2385.09074871306,,,1.85686563325618,27610,DEU,,
517,Massachusetts,US,1610296229000,42.2302,-71.5301,427135,13074,293522,120539,25,6197.0955979272,11635559,,3.06085897901132,84000025,USA,,168814.710708142
465,Madrid,Spain,1610296229000,40.4168,-3.7038,421295,11971,40736,368588,,6343.22891799913,,,2.8414768748739,72414,ESP,,
492,Alabama,US,1610296229000,32.3182,-86.9023,401900,5334,211684,184882,01,8196.71295290714,1956786,,1.32719581985569,84000001,USA,,39908.4676592868
545,Virginia,US,1610296229000,37.7693,-78.17,398856,5383,32833,360640,51,4672.89686778273,4537960,,1.34960988426901,84000051,USA,,53165.6012950121
460,Catalonia,Spain,1610296229000,41.5912,1.5209,386595,8828,26203,351564,,5109.34415446331,,,2.28352668813616,72409,ESP,,
291,Ciudad de Mexico,Mexico,1610296229000,19.4326,-99.1332,364770,18060,,346710,,4044.62089371519,,,4.951065054692,48407,MEX,,
498,Colorado,US,1610296229000,39.0598,-105.3111,358947,5190,18891,334866,08,6233.0865662187,4736803,,1.44589591220988,84000008,USA,,82254.2134246126
162,Bayern,Germany,1610296229000,48.7904,11.4979,354903,7883,291167,55853,,2714.00605702301,,,2.2211702916008,27602,DEU,,
538,South Carolina,US,1610296229000,33.8569,-80.945,350084,5758,162451,181875,45,6799.44545375797,3434733,,1.64474811759463,84000045,USA,,66710.5028556645
26,Ceara,Brazil,1610296229000,-5.4984,-39.3206,343887,10137,275120,58630,,3765.70370949525,,,2.94777063395825,7606,BRA,,
514,Louisiana,US,1610296229000,31.1695,-91.8678,341431,7833,280373,53225,22,7344.50698396186,4399258,,2.29416778207017,84000022,USA,,94632.2422546579
203,Odisha,India,1610296229000,20.505428,84.418059,331602,1891,327803,1908,,715.332666297555,,,0.570261940519056,35625,IND,,
75,Metropolitana,Chile,1610296229000,-33.4376,-70.6505,326465,10961,310534,4970,,4589.8188169848,,,3.3574808938171,15212,CHL,,
533,Oklahoma,US,1610296229000,35.5653,-96.9289,324875,2738,281869,40268,40,8210.19411059621,2824791,,0.842785686802616,84000040,USA,,71387.7104482191
29,Goias,Brazil,1610296229000,-15.827,-49.8362,317024,6964,305531,4529,,4517.07052679303,,,2.19667911577672,7609,BRA,,
206,Rajasthan,India,1610296229000,26.583423,73.847973,312521,2731,303060,6730,,385.67274991948,,,0.873861276522218,35628,IND,,
516,Maryland,US,1610296229000,39.0639,-76.8021,306674,6272,9427,290975,24,5072.61383334877,6085068,,2.04516848510144,84000024,USA,,100651.506530283
542,Utah,US,1610296229000,40.15,-111.8624,303723,1390,247390,54943,49,9473.70489569732,2362020,,0.457653849066419,84000049,USA,,73675.9495913546
34,Para,Brazil,1610296229000,-1.9981,-54.9306,300454,7292,282032,11130,,3492.48767707037,,,2.42699381602508,7614,BRA,,
513,Kentucky,US,1610296229000,37.6681,-84.6701,300397,2876,38905,258616,21,6723.79111004767,3310799,,0.957399707720117,84000021,USA,,74105.669774847
511,Iowa,US,1610296229000,42.0115,-93.2105,296441,4138,255103,37200,19,9395.70278947852,1195536,,1.39589328061908,84000019,USA,,37892.5348724434
209,Telangana,India,1610296229000,18.1124,79.0193,289784,1565,283463,4756,,736.188738119092,,,0.540057422079894,35631,IND,,
184,Chhattisgarh,India,1610296229000,21.264705,82.035366,288570,3484,275812,9274,,980.322514794778,,,1.20733270956787,35607,IND,,
235,Veneto,Italy,1610296229000,45.43490485,12.33845213,285986,7389,189784,88813,,5829.48453011443,,,2.58369290804445,38005,ITA,,
115,Antioquia,Colombia,1610296229000,7.1986,-75.3412,284635,5070,257254,22311,,4442.49209705105,,,1.78122859100251,17002,COL,,
451,Andalusia,Spain,1610296229000,37.5443,-4.7278,276669,5251,10671,260747,,3282.96788869171,,,1.89793580054144,72401,ESP,,
427,Saint Petersburg,Russia,1610296229000,59.9606739,30.1586551,276035,8378,166416,101241,,5157.66727361225,,,3.03512235767203,64360,RUS,,
546,Washington,US,1610296229000,47.4009,-121.4905,271595,3698,,267897,53,3566.62923563076,4009784,,1.36158618531269,84000053,USA,,52657.1286031202
189,Haryana,India,1610296229000,29.20004,76.332824,264721,2949,259209,2563,,938.570788151135,,,1.114003044715,35612,IND,,
28,Espirito Santo,Brazil,1610296229000,-19.1834,-40.3089,262113,5306,241241,15566,,6522.41424358927,,,2.0243177560823,7608,BRA,,
161,Baden-Wurttemberg,Germany,1610296229000,48.6616,9.3501,260001,5530,212438,42033,,2348.79827360377,,,2.12691489648117,27601,DEU,,
27,Distrito Federal,Brazil,1610296229000,-15.7998,-47.8645,258153,4351,247471,6331,,8561.52753254437,,,1.68543460660926,7607,BRA,,
182,Bihar,India,1610296229000,25.679658,85.60484,255386,1430,249709,4247,,204.636339287573,,,0.559936723234633,35605,IND,,
496,Arkansas,US,1610296229000,34.9697,-92.3731,251746,4010,219887,27849,05,8342.02618857951,2158016,,1.59287535849626,84000005,USA,,71509.4817290984
188,Gujarat,India,1610296229000,22.694884,71.590923,251273,4340,238965,7968,,393.398406720249,,,1.72720507177452,35611,IND,,
197,Madhya Pradesh,India,1610296229000,23.541513,78.289633,247977,3701,236247,8029,,290.510785832513,,,1.49247712489465,35619,IND,,
524,Nevada,US,1610296229000,38.3135,-117.0554,246309,3450,,242859,32,7996.6404299003,2210776,,1.40067963411812,84000032,USA,,71774.806211114
512,Kansas,US,1610296229000,38.5266,-96.7265,243648,3141,4838,235669,20,8363.2591612164,1051207,,1.2891548463357,84000020,USA,,36082.8595887707
520,Mississippi,US,1610296229000,32.7416,-89.6787,239082,5167,182103,51812,28,8033.26715161102,1420446,,2.16118319237751,84000028,USA,,47727.6507325406
37,Pernambuco,Brazil,1610296229000,-8.8137,-36.9541,230891,9826,196457,24608,,2415.91801504875,,,4.25568774876457,7617,BRA,,
60,Quebec,Canada,1610296229000,52.9399,-73.5491,228821,8686,192979,27156,,2680.13278558071,,,3.79598026404919,12410,CAN,,
341,Sindh,Pakistan,1610296229000,26.009446,68.776807,225509,3693,203328,18488,,470.928371186841,,,1.63762865340186,58607,PAK,,
58,Ontario,Canada,1610296229000,51.2538,-85.3232,218142,4970,185297,27875,,1482.76621251732,,,2.27833246234104,12408,CAN,,
181,Assam,India,1610296229000,26.357149,92.830441,216565,1060,212486,3019,,608.208393851564,,,0.48946043912913,35604,IND,,
334,Zuid-Holland,Netherlands,1610296229000,51.937835,4.462114,216059,2984,,213075,,5825.74036804311,,,1.38110423541718,52812,NLD,,
24,Amazonas,Brazil,1610296229000,-3.4168,-65.8561,212996,5669,177124,30203,,5139.12450354039,,,2.66155232962121,7604,BRA,,
228,Piemonte,Italy,1610296229000,45.0732745,7.680687483,206962,8176,183444,15342,,4750.75096306451,,,3.95048366366773,38001,ITA,,
499,Connecticut,US,1610296229000,41.5978,-72.7554,205994,6324,9800,189870,09,5777.76768041395,4619970,,3.06999232987369,84000009,USA,,129581.994380817
30,Maranhao,Brazil,1610296229000,-4.9609,-45.2744,201915,4555,191535,5825,,2853.84925134777,,,2.25589975979992,7610,BRA,,
218,Campania,Italy,1610296229000,40.83956555,14.25084984,199771,3128,121255,75388,,3443.32308574809,,,1.56579283279355,38015,ITA,,
219,Emilia-Romagna,Italy,1610296229000,44.49436681,11.3417208,190892,8337,122647,59908,,4280.59164785467,,,4.3673909854787,38008,ITA,,
31,Mato Grosso,Brazil,1610296229000,-12.6819,-56.9211,188098,4595,177150,6353,,5398.18726886702,,,2.4428755223341,7611,BRA,,
221,Lazio,Italy,1610296229000,41.89277044,12.48366722,179661,4131,96745,78785,,3055.93628393004,,,2.29933040559721,38012,ITA,,
523,Nebraska,US,1610296229000,41.1254,-98.2681,175620,1737,119393,54490,31,9078.74657259482,1837671,,0.989067304407243,84000031,USA,,94999.1418563199
35,Paraiba,Brazil,1610296229000,-7.24,-36.782,172261,3800,130400,38061,,4287.09694840407,,,2.20595491724766,7615,BRA,,
591,Wales,United Kingdom,1610296229000,52.1307,-3.7837,169754,3964,,165790,,5408.58981711591,,,2.33514379631702,82604,GBR,,
205,Punjab,India,1610296229000,30.841465,75.40879,168734,5439,160343,2952,,559.808605931787,,,3.22341673877227,35627,IND,,
411,Moscow Oblast,Russia,1610296229000,55.5043158,38.0353929,168409,3093,126629,38687,,2244.44034259204,,,1.8366001817005,64344,RUS,,
455,C. Valenciana,Spain,1610296229000,39.484,-0.7533,164156,3163,9970,151023,,3299.63865101471,,,1.92682570238066,72411,ESP,,
173,Sachsen,Germany,1610296229000,51.1045,13.2017,155682,4121,121300,30261,,3817.66564809608,,,2.64706260197068,27613,DEU,,
299,Mexico,Mexico,1610296229000,19.4969,-99.7233,155570,20251,,135319,,892.654777226487,,,13.0172912515266,48415,MEX,,
527,New Mexico,US,1610296229000,34.8405,-106.2485,154954,2732,76801,75421,35,7389.92068499625,2078816,,1.76310388889606,84000035,USA,,99140.9409160213
167,Hessen,Germany,1610296229000,50.6521,9.1624,150229,3483,120292,26454,,2397.59941613286,,,2.31846048366161,27607,DEU,,
588,Scotland,United Kingdom,1610296229000,56.4907,-4.2026,149766,4968,,144798,,2741.3101971336,,,3.31717479267658,82603,GBR,,
508,Idaho,US,1610296229000,44.2405,-114.4788,149235,1528,64538,83169,16,8350.84342203557,559371,,1.0238884980065,84000016,USA,,31301.0998480749
328,Noord-Holland,Netherlands,1610296229000,52.600906,4.918688,147871,1792,,146079,,5135.2531162236,,,1.21186710037803,52808,NLD,,
38,Piaui,Brazil,1610296229000,-7.7183,-42.7289,146779,2895,143770,114,,4484.22917200671,,,1.9723529932756,7618,BRA,,
145,Valle del Cauca,Colombia,1610296229000,3.8009,-76.6413,146281,4555,134213,7513,,3268.20209451268,,,3.11386988057232,17031,COL,,
340,Punjab,Pakistan,1610296229000,30.811346,72.139132,144909,4260,130120,10529,,131.720555753139,,,2.93977599735006,58606,PAK,,
32,Mato Grosso do Sul,Brazil,1610296229000,-20.7722,-54.7852,142765,2525,127813,12427,,5137.30547760946,,,1.76864077329878,7612,BRA,,
459,Castilla y Leon,Spain,1610296229000,41.8357,-4.3976,138681,5143,8716,124822,,5759.81639160156,,,3.70851089911379,72408,ESP,,
327,Noord-Brabant,Netherlands,1610296229000,51.561174,5.184942,136549,2489,,134060,,5327.79545485582,,,1.82278888897026,52807,NLD,,
485,Stockholm,Sweden,1610296229000,59.6025,18.1384,126212,3361,,122851,,5309.53720129857,,,2.6629797483599,75215,SWE,,
232,Toscana,Italy,1610296229000,43.76923077,11.25588885,124951,3855,111995,9101,,3350.21520838065,,,3.08520940208562,38009,ITA,,
534,Oregon,US,1610296229000,44.572,-122.0709,124476,1603,5870,117003,41,2951.25087220943,2786624,,1.28779845110704,84000041,USA,,66069.1740618251
39,Rio Grande do Norte,Brazil,1610296229000,-5.4026,-36.9541,123783,3086,88210,32487,,3529.74590038419,,,2.49307255438954,7620,BRA,,
191,Jammu and Kashmir,India,1610296229000,33.75943,76.612638,122425,1909,118422,2094,,899.765697117222,,,1.55932203389831,35614,IND,,
46,Sergipe,Brazil,1610296229000,-10.5741,-37.3857,121222,2563,105553,13106,,5273.51159091937,,,2.11430268433123,7626,BRA,,
169,Niedersachsen,Germany,1610296229000,52.6367,9.8451,120453,2339,101048,17066,,1508.97318717266,,,1.94183623487999,27609,DEU,,
560,Kiev,Ukraine,1610296229000,50.4501,30.5234,117217,2077,43239,71901,,3972.3803714247,,,1.77192728017267,80411,UKR,,
192,Jharkhand,India,1610296229000,23.654536,85.557631,116672,1045,114133,1494,,302.306465252013,,,0.895673340647285,35615,IND,,
469,Pais Vasco,Spain,1610296229000,42.9896,-2.6189,114390,3038,16160,95192,,5252.35550168053,,,2.65582655826558,72418,ESP,,
48,Alberta,Canada,1610296229000,53.9333,-116.5765,110641,1272,94932,14437,,2507.07771734722,,,1.1496642293544,12401,CAN,,
22,Alagoas,Brazil,1610296229000,-9.5713,-36.782,108109,2553,102819,2737,,3239.35976882305,,,2.36150551757948,7602,BRA,,
231,Sicilia,Italy,1610296229000,38.11569725,13.3623567,108055,2728,63821,41506,,2161.14711300706,,,2.52464022951275,38019,ITA,,
458,Castilla - La Mancha,Spain,1610296229000,39.2796,-3.0977,107656,4117,6392,97147,,5290.54090247224,,,3.82421787917069,72407,ESP,,
163,Berlin,Germany,1610296229000,52.52,13.405,106197,1565,86762,17870,,2913.6370295866,,,1.47367628087422,27603,DEU,,
13,Hainaut,Belgium,1610296229000,50.5257,4.0621,103707,0,,103707,,7714.9112398744,,,0,5605,BEL,,
539,South Dakota,US,1610296229000,44.2998,-99.4388,102901,1570,96291,5040,46,11631.7134624754,383093,,1.52573833101719,84000046,USA,,43304.030140427
229,Puglia,Italy,1610296229000,41.12559576,16.86736689,101613,2672,43662,55279,,2522.00703242176,,,2.62958479722083,38016,ITA,,
547,West Virginia,US,1610296229000,38.4912,-80.9545,101212,1582,69228,30402,54,5647.52779766392,1649119,,1.56305576413864,84000054,USA,,92019.181462235
42,Rondonia,Brazil,1610296229000,-11.5057,-63.5806,101024,1908,84316,14800,,5684.36748301425,,,1.88866012036744,7622,BRA,,
117,Atlantico,Colombia,1610296229000,10.6966,-74.8741,99123,3534,91985,3604,,3909.38021713126,,,3.56526739505463,17004,COL,,
324,Gelderland,Netherlands,1610296229000,52.061738,5.939114,98736,1412,,97324,,4733.37833277084,,,1.43007616269648,52804,NLD,,
14,Liege,Belgium,1610296229000,50.4496,5.8492,98184,0,,98184,,8869.44079090002,,,0,5606,BEL,,
537,Rhode Island,US,1610296229000,41.6809,-71.5118,97614,1916,5860,89838,44,9214.422656677,2115967,,1.96283320015572,84000044,USA,,199739.937566137
530,North Dakota,US,1610296229000,47.5289,-99.784,94558,1352,91222,1984,38,12408.1767625206,1275907,,1.42981027517502,84000038,USA,,167428.240746816
213,Uttarakhand,India,1610296229000,30.156447,79.197608,93398,1568,88615,3215,,830.141132347417,,,1.67883680592732,35634,IND,,
47,Tocantins,Brazil,1610296229000,-10.1753,-48.2982,92916,1267,83223,8426,,5907.43267385779,,,1.36359722760343,7627,BRA,,
303,Nuevo Leon,Mexico,1610296229000,25.5922,-99.9962,88878,5447,,83431,,1584.23486846081,,,6.12862575665519,48419,MEX,,
587,Northern Ireland,United Kingdom,1610296229000,54.7877,-6.4923,88700,1460,,87240,,4714.0731292517,,,1.64599774520857,82602,GBR,,
295,Guanajuato,Mexico,1610296229000,21.019,-101.2574,88344,5750,,82594,,1418.45725272652,,,6.50864801231549,48411,MEX,,
522,Montana,US,1610296229000,46.9219,-110.4544,86102,1054,79906,5142,30,8056.11642455215,837136,,1.22412952080091,84000030,USA,,78326.4625581739
10,Brussels,Belgium,1610296229000,50.8503,4.3517,83202,0,,83202,,6884.49387774691,,,0,5602,BEL,,
536,Puerto Rico,US,1610296229000,18.2208,-66.5901,83119,1630,72747,8742,72,2602.59749368599,388602,,1.9610438046656,630,PRI,,12167.7906524545
452,Aragon,Spain,1610296229000,41.5976,-0.9057,82696,2683,3772,76241,,6262.06850595115,,,3.24441327270968,72402,ESP,,
491,Vastra Gotaland,Sweden,1610296229000,58.2528,13.0596,81865,1396,,80469,,4743.37454320431,,,1.70524644231356,75221,SWE,,
9,Antwerp,Belgium,1610296229000,51.2195,4.4024,81806,0,,81806,,4402.93952699321,,,0,5601,BEL,,
171,Rheinland-Pfalz,Germany,1610296229000,50.1183,7.309,80415,1780,62251,16384,,1968.6186302341,,,2.21351737859852,27611,DEU,,
483,Skane,Sweden,1610296229000,55.9903,13.5958,78745,814,,77931,,5715.15872457137,,,1.03371642643977,75213,SWE,,
566,Odessa Oblast,Ukraine,1610296229000,46.4846,30.7326,75663,1130,51981,22552,,3178.70628506899,,,1.49346444100815,80417,UKR,,
277,Tokyo,Japan,1610296229000,35.711343,139.446921,75012,640,55542,18830,,538.853645117334,,,0.853196821841839,39241,JPN,,
414,Nizhny Novgorod Oblast,Russia,1610296229000,55.4718033,44.0911594,74439,1805,66794,5840,,2301.22742021645,,,2.42480420209836,64347,RUS,,
128,Cundinamarca,Colombia,1610296229000,5.026,-74.03,73291,1831,67396,4064,,2510.77401629292,,,2.49826035938928,17015,COL,,
557,Kharkiv Oblast,Ukraine,1610296229000,49.9935,36.2304,72570,1179,60092,11299,,2712.29085983769,,,1.62463828028111,80408,UKR,,
141,Santander,Colombia,1610296229000,6.6437,-73.6536,72070,2530,64965,4575,,3298.64424668751,,,3.51047592618288,17028,COL,,
332,Utrecht,Netherlands,1610296229000,52.084251,5.163824,72053,932,,71121,,5318.2161061798,,,1.29349229039735,52810,NLD,,
23,Amapa,Brazil,1610296229000,0.902,-52.003,70676,969,53921,15786,,8356.79429984238,,,1.37104533363518,7603,BRA,,
43,Roraima,Brazil,1610296229000,-2.7376,-62.0751,69640,793,66262,2585,,11496.2831875938,,,1.13871338311315,7623,BRA,,
94,Hubei,China,1610296229000,30.9756,112.2707,68149,4512,63637,0,,115.174919722833,,,6.62078680538232,15613,CHN,,
11,East Flanders,Belgium,1610296229000,51.0362,3.7373,67262,0,,67262,,4439.54842831722,,,0,5603,BEL,,
463,Galicia,Spain,1610296229000,42.5751,-8.1339,65479,1420,9204,54855,,2424.75210530428,,,2.16863421860444,72413,ESP,,
564,Lviv Oblast,Ukraine,1610296229000,49.8397,24.0297,64817,1870,49953,12994,,2570.04204168007,,,2.88504558989154,80415,UKR,,
500,Delaware,US,1610296229000,39.3185,-75.5071,64475,969,18851,44655,10,6621.21417509787,1044510,,1.50290810391625,84000010,USA,,107265.210050895
222,Liguria,Italy,1610296229000,44.41149315,8.9326992,63774,3010,55538,5226,,4112.75344373936,,,4.71979176466899,38007,ITA,,
467,Murcia,Spain,1610296229000,37.9922,-1.1307,63380,769,2180,60431,,4260.37348512398,,,1.21331650362891,72416,ESP,,
561,Kiev Oblast,Ukraine,1610296229000,50.053,30.7667,63335,1019,41576,20740,,3582.41795536048,,,1.60890502881503,80412,UKR,,
434,Sverdlovsk Oblast,Russia,1610296229000,58.6414755,61.8021546,62516,1683,54906,5927,,1445.37109479763,,,2.69211081963017,64367,RUS,,
554,Dnipropetrovsk Oblast,Ukraine,1610296229000,48.4647,35.0462,61977,1547,47178,13252,,1932.86900233496,,,2.49608725817642,80405,UKR,,
329,Overijssel,Netherlands,1610296229000,52.444558,6.441722,61342,790,,60552,,5277.15789491795,,,1.28786149783183,52809,NLD,,
339,Khyber Pakhtunkhwa,Pakistan,1610296229000,34.485332,72.09169,61148,1728,56239,3181,,200.331739243349,,,2.82593052920782,58605,PAK,,
575,Zaporizhia Oblast,Ukraine,1610296229000,47.8388,35.1396,58116,668,28639,28809,,3406.89257349476,,,1.14942528735632,80426,UKR,,
49,British Columbia,Canada,1610296229000,53.7267,-127.6476,56632,988,48205,7439,,1108.05947347609,,,1.74459669444837,12402,CAN,,
190,Himachal Pradesh,India,1610296229000,31.927213,77.233081,56366,958,54320,1088,,756.39211455249,,,1.69960614554874,35613,IND,,
220,Friuli Venezia Giulia,Italy,1610296229000,45.6494354,13.76813649,56233,1898,41450,12885,,4627.39257089251,,,3.37524229544929,38006,ITA,,
20,West Flanders,Belgium,1610296229000,51.0536,3.1458,56115,0,,56115,,4692.69005750145,,,0,5612,BEL,,
298,Jalisco,Mexico,1610296229000,20.6595,-103.3494,55656,6587,,49069,,661.807749700257,,,11.8352019548656,48414,MEX,,
425,Rostov Oblast,Russia,1610296229000,47.6222451,40.7957942,55565,2208,45653,7704,,1316.56514515507,,,3.97372446684064,64358,RUS,,
118,Bolivar,Colombia,1610296229000,8.6704,-74.03,55186,1159,52331,1696,,2665.84867470811,,,2.10017033305549,17005,COL,,
164,Brandenburg,Germany,1610296229000,52.4125,12.5316,54894,1490,37939,15465,,2185.34290742887,,,2.71432214814005,27604,DEU,,
310,Sonora,Mexico,1610296229000,29.2972,-110.3309,54505,4380,,50125,,1772.66732688402,,,8.03596000366939,48426,MEX,,
326,Limburg,Netherlands,1610296229000,51.209227,5.93387,53481,1150,,52331,,4787.05264316806,,,2.15029636693405,52806,NLD,,
292,Coahuila,Mexico,1610296229000,27.0587,-101.7068,52251,4392,,47859,,1623.34716906099,,,8.40558075443532,48408,MEX,,
187,Goa,India,1610296229000,15.359682,74.057396,51790,746,50177,867,,3264.93301812451,,,1.44043251592972,35610,IND,,
69,Biobio,Chile,1610296229000,-37.4464,-72.1416,51665,881,47846,2938,,3318.65583679395,,,1.70521629729991,15206,CHL,,
176,Thuringen,Germany,1610296229000,51.011,10.8453,51272,1322,37370,12580,,2392.37195803364,,,2.57840536745202,27616,DEU,,
525,New Hampshire,US,1610296229000,43.4525,-71.5639,50871,862,43374,6635,33,3741.30973420087,1085829,,1.69448212144444,84000033,USA,,79857.3373312417
305,Puebla,Mexico,1610296229000,19.0414,-98.2063,50492,5972,,44520,,764.514718937274,,,11.8276162560406,48421,MEX,,
12,Flemish Brabant,Belgium,1610296229000,50.9167,4.5833,50413,0,,50413,,4398.36848648767,,,0,5604,BEL,,
447,Voronezh Oblast,Russia,1610296229000,50.9800393,40.1506507,50105,1268,45043,3794,,2146.95719540246,,,2.53068556032332,64380,RUS,,
493,Alaska,US,1610296229000,61.3707,-152.4044,49958,224,7165,42569,02,6829.10825718172,1345573,,0.448376636374555,84000002,USA,,183935.779753809
402,Krasnoyarsk Krai,Russia,1610296229000,63.3233807,97.0979974,49703,1857,45000,2846,,1727.90028983169,,,3.73619298633885,64335,RUS,,
143,Tolima,Colombia,1610296229000,4.0925,-75.1545,48866,1379,45263,2224,,3673.61882201525,,,2.82200302869071,17030,COL,,
345,Arequipa,Peru,1610296229000,-15.843524,-72.475539,48783,1649,,47134,,3257.84693468679,,,3.38027591579034,60404,PER,,
224,Marche,Italy,1610296229000,43.61675973,13.5188753,46815,1698,29871,15246,,3069.29063753261,,,3.62704261454662,38011,ITA,,
549,Wyoming,US,1610296229000,42.756,-107.3025,46719,489,44490,1740,56,8072.27187827749,528137,,1.0466833622295,84000056,USA,,91253.3541595033
311,Tabasco,Mexico,1610296229000,17.8409,-92.6189,46667,3268,,43399,,1814.22212995673,,,7.00280712280627,48427,MEX,,
372,Arkhangelsk Oblast,Russia,1610296229000,63.5589686,43.1221646,45951,451,37028,8472,,3978.34511371153,,,0.981480272464147,64305,RUS,,
315,Veracruz,Mexico,1610296229000,19.1738,-96.1342,44677,6510,,38167,,523.158336750641,,,14.571255903485,48430,MEX,,
556,Ivano-Frankivsk Oblast,Ukraine,1610296229000,48.9226,24.7111,44323,833,36449,7041,,3227.59406139587,,,1.87938542066196,80407,UKR,,
348,Callao,Peru,1610296229000,-11.954609,-77.136042,43911,1991,,41920,,3886.27312151518,,,4.53417139213409,60407,PER,,
468,Navarra,Spain,1610296229000,42.6954,-1.6761,43542,973,3905,38664,,6699.32579014257,,,2.23462404115567,72417,ESP,,
397,Khanty-Mansi Autonomous Okrug,Russia,1610296229000,61.0259025,69.0982628,43314,579,39608,3127,,2826.83621331603,,,1.33675024241585,64330,RUS,,
361,Piura,Peru,1610296229000,-5.133361,-80.335861,43251,2237,,41014,,2111.865234375,,,5.17213474832952,60420,PER,,
384,Irkutsk Oblast,Russia,1610296229000,56.6370122,104.719221,43169,1339,37640,4190,,1795.56982690672,,,3.10176283907434,64317,RUS,,
136,Norte de Santander,Colombia,1610296229000,7.9463,-72.8988,43158,2189,39127,1842,,2893.23042537687,,,5.07206079985171,17023,COL,,
462,Extremadura,Spain,1610296229000,39.4937,-6.0679,43028,1111,2652,39265,,4038.57994563667,,,2.58203960211955,72412,ESP,,
21,Acre,Brazil,1610296229000,-9.0238,-70.812,42908,823,38323,3762,,4865.21115501709,,,1.91805723874336,7601,BRA,,
570,Sumy Oblast,Ukraine,1610296229000,50.9077,34.7981,42759,550,37129,5080,,3953.97524361533,,,1.28627891204191,80421,UKR,,
568,Rivne Oblast,Ukraine,1610296229000,50.6199,26.2516,42723,532,38556,3635,,3691.6065915436,,,1.24523090606933,80419,UKR,,
308,San Luis Potosi,Mexico,1610296229000,22.1565,-100.9855,42015,3197,,38818,,1465.90783010751,,,7.60918719504939,48424,MEX,,
550,Cherkasy Oblast,Ukraine,1610296229000,49.4444,32.0598,41780,424,29003,12353,,3463.33695582795,,,1.01483963618956,80401,UKR,,
552,Chernivtsi Oblast,Ukraine,1610296229000,48.2917,25.9352,41514,811,31434,9269,,4590.35752907536,,,1.95355783591078,80403,UKR,,
576,Zhytomyr Oblast,Ukraine,1610296229000,50.2547,28.6587,41374,685,33778,6911,,3390.7750659117,,,1.65562913907285,80427,UKR,,
559,Khmelnytskyi Oblast,Ukraine,1610296229000,49.423,26.9871,41234,706,36049,4479,,3260.36506537098,,,1.71217926953485,80410,UKR,,
312,Tamaulipas,Mexico,1610296229000,24.2669,-98.8363,40722,3390,,37332,,1115.48725388306,,,8.32473847060557,48428,MEX,,
166,Hamburg,Germany,1610296229000,53.5511,9.9937,40693,817,30700,9176,,2210.15990297521,,,2.00771631484531,27606,DEU,,
454,Baleares,Spain,1610296229000,39.710358,2.995148,39586,482,1533,37571,,3331.53793068624,,,1.2176021825898,72404,ESP,,
555,Donetsk Oblast,Ukraine,1610296229000,48.0159,37.8028,39419,720,31138,7561,,946.229879202602,,,1.82653035338289,80406,UKR,,
338,Islamabad,Pakistan,1610296229000,33.665087,73.121219,39120,439,36705,1976,,1949.59363531436,,,1.1221881390593,58604,PAK,,
443,Ulyanovsk Oblast,Russia,1610296229000,54.1463177,47.2324921,38880,474,35427,2979,,3118.8383289829,,,1.21913580246914,64376,RUS,,
567,Poltava Oblast,Ukraine,1610296229000,49.5883,34.5514,38723,802,31025,6896,,2765.06152713542,,,2.07112052268678,80418,UKR,,
412,Murmansk Oblast,Russia,1610296229000,68.0000418,33.9999151,38555,688,34274,3593,,5116.40128085865,,,1.78446375308002,64345,RUS,,
204,Puducherry,India,1610296229000,11.882658,78.86498,38425,636,37461,328,,2718.34865890083,,,1.6551724137931,35626,IND,,
395,Khabarovsk Krai,Russia,1610296229000,51.6312684,136.121524,38280,204,33548,4528,,2881.87475438567,,,0.532915360501567,64328,RUS,,
80,Valparaiso,Chile,1610296229000,-33.0472,-71.6127,38158,1290,35268,1600,,2101.32485123096,,,3.38068032915771,15216,CHL,,
445,Volgograd Oblast,Russia,1610296229000,49.6048339,44.2903582,38038,507,36126,1405,,1508.68052525785,,,1.33287764866712,64378,RUS,,
431,Saratov Oblast,Russia,1610296229000,51.6520555,46.8631952,37938,442,32532,4964,,1540.34795671857,,,1.16505878011492,64364,RUS,,
354,La Libertad,Peru,1610296229000,-7.92139,-78.370238,37879,2489,,35390,,1878.17334391115,,,6.57092320283006,60413,PER,,
215,Abruzzo,Italy,1610296229000,42.35122196,13.39843823,37753,1277,24935,11541,,2878.4366946736,,,3.38251264800148,38013,ITA,,
379,Chelyabinsk Oblast,Russia,1610296229000,54.4223954,61.1865846,37692,584,24038,13070,,1079.06130941679,,,1.5494004032686,64312,RUS,,
174,Sachsen-Anhalt,Germany,1610296229000,51.9503,11.6923,37688,890,28639,8159,,1706.6359464951,,,2.36149437486733,27614,DEU,,
139,Risaralda,Colombia,1610296229000,5.3158,-75.9928,37685,843,34337,2505,,3994.58978737568,,,2.23696430940693,17026,COL,,
433,Stavropol Krai,Russia,1610296229000,44.8632577,43.4406913,37508,798,33515,3195,,1339.24905219244,,,2.12754612349365,64366,RUS,,
290,Chihuahua,Mexico,1610296229000,28.633,-106.0691,37447,4540,,32907,,985.061898146699,,,12.1238016396507,48406,MEX,,
131,Huila,Colombia,1610296229000,2.5359,-75.5277,37038,1183,34504,1351,,3365.90978074966,,,3.19401695555916,17018,COL,,
286,Baja California,Mexico,1610296229000,30.8406,-115.2838,36852,5945,,30907,,1013.84699526915,,,16.1320959513731,48402,MEX,,
17,Namur,Belgium,1610296229000,50.331,4.8221,36034,0,,36034,,7289.5362362818,,,0,5609,BEL,,
134,Meta,Colombia,1610296229000,3.272,-73.0877,35756,776,33745,1235,,3438.99619321319,,,2.17026513032778,17021,COL,,
120,Caldas,Colombia,1610296229000,5.2983,-75.2479,35578,699,32172,2707,,3564.01921352761,,,1.96469728483895,17007,COL,,
135,Narino,Colombia,1610296229000,1.2892,-77.3579,35491,1065,31930,2496,,2176.57145380328,,,3.00076075624806,17022,COL,,
571,Ternopil Oblast,Ukraine,1610296229000,49.5535,25.5948,35139,485,31490,3164,,3359.75767751336,,,1.38023278977774,80422,UKR,,
306,Queretaro,Mexico,1610296229000,20.5888,-100.3899,35123,2177,,32946,,1540.72775621733,,,6.19821769211058,48422,MEX,,
369,Altai Krai,Russia,1610296229000,52.6932243,82.6931424,34962,968,32353,1641,,1487.69403594771,,,2.7687203249242,64302,RUS,,
300,Michoacan,Mexico,1610296229000,19.5665,-101.7068,34887,2901,,31986,,722.98654557414,,,8.31541835067504,48416,MEX,,
125,Cesar,Colombia,1610296229000,9.3373,-73.6536,34809,1014,31868,1927,,2899.36313796567,,,2.91303973110402,17012,COL,,
268,Osaka,Japan,1610296229000,34.620965,135.507481,34453,622,28064,5767,,391.09524718189,,,1.80535802397469,39233,JPN,,
430,Samara Oblast,Russia,1610296229000,53.2128813,50.8914633,34323,702,31531,2090,,1074.77217886003,,,2.04527576260816,64363,RUS,,
565,Mykolaiv Oblast,Ukraine,1610296229000,46.975,31.9946,34252,552,15101,18599,,1358.1171608008,,,1.61158472497956,80416,UKR,,
573,Volyn Oblast,Ukraine,1610296229000,50.7472,25.3254,34190,536,30666,2988,,3302.32872610665,,,1.56770985668324,80424,UKR,,
230,Sardegna,Italy,1610296229000,39.21531192,9.110616306,33794,828,15739,17227,,2061.12378025983,,,2.45013907794283,38020,ITA,,
422,Perm Krai,Russia,1610296229000,58.5951603,56.3159546,33664,1234,26886,5544,,1283.35624496306,,,3.66563688212928,64355,RUS,,
355,Lambayeque,Peru,1610296229000,-6.353049,-79.824113,33603,1948,,31655,,2563.54897772353,,,5.79710144927536,60414,PER,,
448,Yamalo-Nenets Autonomous Okrug,Russia,1610296229000,67.1471631,74.3415488,33596,355,27077,6164,,6238.26704075967,,,1.05667341350161,64381,RUS,,
210,Tripura,India,1610296229000,23.746783,91.743565,33307,388,32862,57,,798.768476332404,,,1.16492028702675,35632,IND,,
399,Komi Republic,Russia,1610296229000,63.9881421,54.3326073,32728,616,30774,1338,,3892.1454250523,,,1.8821803959912,64332,RUS,,
418,Omsk Oblast,Russia,1610296229000,56.0935263,73.5099936,32644,947,29452,2245,,1665.44137716758,,,2.90099252542581,64351,RUS,,
352,Ica,Peru,1610296229000,-14.235097,-75.574821,32338,1810,,30528,,3316.03773584906,,,5.59713031108912,60411,PER,,
119,Boyaca,Colombia,1610296229000,5.4545,-73.362,31851,678,28694,2479,,2616.36503430329,,,2.12866158048413,17006,COL,,
502,District of Columbia,US,1610296229000,38.8974,-77.0268,31791,817,22042,8932,11,4504.57598948068,950762,,2.56990972287754,84000011,USA,,134716.733569584
423,Primorsky Krai,Russia,1610296229000,45.0819456,134.726645,31618,418,22970,8230,,1652.76468777133,,,1.32203175406414,64356,RUS,,
226,P.A. Bolzano,Italy,1610296229000,46.49933453,11.35662422,31519,778,19081,11660,,5921.0847651216,,,2.46835242234842,38041,ITA,,
343,Ancash,Peru,1610296229000,-9.407125,-77.671795,31484,1531,,29953,,2666.77960359139,,,4.86278744759243,60402,PER,,
551,Chernihiv Oblast,Ukraine,1610296229000,51.4982,31.2893,31460,472,19296,11692,,3128.02947069088,,,1.50031786395423,80402,UKR,,
233,Umbria,Italy,1610296229000,43.10675841,12.38824698,30906,660,25942,4304,,3504.02204044149,,,2.1355076684139,38010,ITA,,
420,Orenburg Oblast,Russia,1610296229000,52.0269262,54.7276647,30499,384,26896,3219,,1542.12932063184,,,1.2590576740221,64353,RUS,,
393,Karelia Republic,Russia,1610296229000,62.6194031,33.4920267,30473,183,24676,5614,,4895.38686938138,,,0.600531618153775,64326,RUS,,
15,Limburg,Belgium,1610296229000,50.9739,5.342,30438,0,,30438,,3482.41744160504,,,0,5607,BEL,,
127,Cordoba,Colombia,1610296229000,8.0493,-75.574,30115,1683,27951,481,,1687.31997111133,,,5.58857712103603,17014,COL,,
71,Los Lagos,Chile,1610296229000,-41.9198,-72.1416,29677,281,26799,2597,,3581.11662974172,,,0.946861205647471,15208,CHL,,
304,Oaxaca,Mexico,1610296229000,17.0732,-96.7266,29648,2205,,27443,,715.514289168844,,,7.43726389638424,48420,MEX,,
450,Zabaykalsky Krai,Russia,1610296229000,52.248521,115.956325,29608,407,27738,1463,,2759.8652505672,,,1.37462847878952,64383,RUS,,
401,Krasnodar Krai,Russia,1610296229000,45.7684014,39.0261044,29597,1082,20034,8481,,528.195280739263,,,3.65577592323546,64334,RUS,,
417,Novosibirsk Oblast,Russia,1610296229000,54.9720169,79.4813924,29338,1047,25734,2557,,1051.97520554178,,,3.56875042606858,64350,RUS,,
515,Maine,US,1610296229000,44.6939,-69.3819,29298,432,11728,17138,23,2179.56691355233,1173333,,1.47450337907024,84000023,USA,,87287.7938896543
574,Zakarpattia Oblast,Ukraine,1610296229000,48.6208,22.2879,28987,659,25010,3318,,2306.40944237835,,,2.27343291820471,80425,UKR,,
456,Canarias,Spain,1610296229000,28.2916,-16.6291,28827,447,1537,26843,,1306.22080464869,,,1.5506296180664,72405,ESP,,
353,Junin,Peru,1610296229000,-11.541783,-74.876968,28763,982,,27781,,2112.59640102828,,,3.41410840315683,60412,PER,,
199,Manipur,India,1610296229000,24.738975,93.882541,28646,365,27766,515,,926.591720321069,,,1.27417440480346,35621,IND,,
175,Schleswig-Holstein,Germany,1610296229000,54.2194,9.6961,28480,545,21609,6326,,983.183692407115,,,1.91362359550562,27615,DEU,,
74,Maule,Chile,1610296229000,-35.5183,-71.6885,28341,592,25841,1908,,2712.18718598976,,,2.08884654740482,15211,CHL,,
453,Asturias,Spain,1610296229000,43.3614,-5.8593,28196,1376,1063,25757,,2758.35082004099,,,4.88012484040289,72403,ESP,,
421,Penza Oblast,Russia,1610296229000,53.1655415,44.7879181,28055,337,22470,5248,,2106.77690542971,,,1.20121190518624,64354,RUS,,
398,Kirov Oblast,Russia,1610296229000,57.9665589,49.4074599,27951,241,21601,6109,,2178.16180630561,,,0.862223176272763,64331,RUS,,
428,Sakha (Yakutiya) Republic,Russia,1610296229000,66.941626,129.642371,27712,405,25180,2127,,2873.70505947134,,,1.46146073903002,64361,RUS,,
309,Sinaloa,Mexico,1610296229000,25.1721,-107.4795,27679,4317,,23362,,876.840624023894,,,15.5966617291087,48425,MEX,,
553,Crimea Republic*,Ukraine,1610296229000,45.2835,34.2008,27581,591,21820,5170,,1441.21613748223,,,2.14277944962112,80404,UKR,,
316,Yucatan,Mexico,1610296229000,20.7099,-89.0943,27509,2495,,25014,,1217.69839112779,,,9.06975898796757,48431,MEX,,
254,Kanagawa,Japan,1610296229000,35.415312,139.338983,27385,296,21617,5472,,297.71909233347,,,1.08088369545372,39219,JPN,,
377,Buryatia Republic,Russia,1610296229000,52.7182426,109.492143,27255,620,24657,1978,,2768.3794289754,,,2.27481196110805,64310,RUS,,
394,Kemerovo Oblast,Russia,1610296229000,54.5335781,87.342861,27032,488,24221,2323,,1003.08845264552,,,1.80526783071915,64327,RUS,,
217,Calabria,Italy,1610296229000,38.90597598,16.59440194,26934,514,16808,9612,,1383.26594358572,,,1.90836860473751,38018,ITA,,
296,Guerrero,Mexico,1610296229000,17.4392,-99.5451,26775,2765,,24010,,732.147896336061,,,10.3267973856209,48412,MEX,,
446,Vologda Oblast,Russia,1610296229000,60.0391461,43.1215213,26549,469,21911,4169,,2256.24612790635,,,1.76654487927982,64379,RUS,,
357,Loreto,Peru,1610296229000,-4.124847,-74.424115,26425,1012,,25413,,2571.52588555858,,,3.82970671712394,60416,PER,,
297,Hidalgo,Mexico,1610296229000,20.0911,-98.7624,26334,3704,,22630,,853.223190408027,,,14.0654666970456,48413,MEX,,
294,Durango,Mexico,1610296229000,24.5593,-104.6588,26168,1652,,24516,,1400.11000558589,,,6.31305411189239,48410,MEX,,
52,Manitoba,Canada,1610296229000,53.7609,-98.8139,26166,733,20769,4664,,1899.50468850838,,,2.80134525720401,12403,CAN,,
405,Leningrad Oblast,Russia,1610296229000,60.1853296,32.3925325,26012,300,23179,2533,,1434.10356949106,,,1.15331385514378,64338,RUS,,
363,San Martin,Peru,1610296229000,-7.039531,-76.729127,25966,802,,25164,,2886.39395286794,,,3.08865439420781,60422,PER,,
133,Magdalena,Colombia,1610296229000,10.4113,-74.4057,25873,1107,23834,932,,1928.30833853799,,,4.27859158195803,17020,COL,,
437,Tomsk Oblast,Russia,1610296229000,58.6124279,82.0475315,25865,231,22120,3514,,2398.72760321994,,,0.893098782138024,64370,RUS,,
347,Cajamarca,Peru,1610296229000,-6.430284,-78.745596,25729,619,,25110,,1769.89750292357,,,2.40584554393875,60406,PER,,
19,Walloon Brabant,Belgium,1610296229000,50.4,4.35,25648,0,,25648,,6354.82248469397,,,0,5611,BEL,,
349,Cusco,Peru,1610296229000,-13.191068,-72.153609,25639,541,,25098,,1889.24913418318,,,2.11006669526893,60408,PER,,
138,Quindio,Colombia,1610296229000,4.461,-75.6674,25596,706,23457,1433,,4740.84281650071,,,2.75824347554305,17025,COL,,
424,Pskov Oblast,Russia,1610296229000,57.5358729,28.8586826,25571,106,13605,11860,,4017.14879992962,,,0.414532087129952,64357,RUS,,
65,Araucania,Chile,1610296229000,-38.9489,-72.3311,25493,336,23707,1450,,2663.22198356915,,,1.31800886517868,15202,CHL,,
64,Antofagasta,Chile,1610296229000,-23.6509,-70.3975,25430,594,23566,1270,,4185.7739649139,,,2.3358238301219,15201,CHL,,
376,Bryansk Oblast,Russia,1610296229000,52.8873315,33.415853,25124,218,22640,2266,,2074.67988789264,,,0.867696226715491,64309,RUS,,
382,Dagestan Republic,Russia,1610296229000,43.0574916,47.1332224,25047,1153,21699,2195,,817.491518121601,,,4.60334571006508,64315,RUS,,
440,Tyumen Oblast,Russia,1610296229000,58.8206488,70.3658837,24933,214,23428,1291,,675.251868703282,,,0.858300244655677,64373,RUS,,
438,Tula Oblast,Russia,1610296229000,53.9570701,37.3690909,24874,854,21971,2049,,1667.32021543649,,,3.43330385141111,64371,RUS,,
439,Tver Oblast,Russia,1610296229000,57.1134475,35.1744428,24550,469,19619,4462,,1912.18290282606,,,1.91038696537678,64372,RUS,,
449,Yaroslavl Oblast,Russia,1610296229000,57.7781976,39.0021095,24185,234,22718,1233,,1910.82450279849,,,0.967541864792227,64382,RUS,,
375,Belgorod Oblast,Russia,1610296229000,50.7080119,37.5837615,23686,280,20993,2413,,1528.25129236145,,,1.18213290551381,64308,RUS,,
572,Vinnytsia Oblast,Ukraine,1610296229000,49.2331,28.4682,23642,417,17276,5949,,1515.13015302545,,,1.76381016834447,80423,UKR,,
227,P.A. Trento,Italy,1610296229000,46.06893511,11.12123097,23640,1013,20629,1998,,4366.31216546181,,,4.28510998307953,38042,ITA,,
507,Hawaii,US,1610296229000,21.0943,-157.4983,23408,307,11958,11143,15,1653.25679157438,863028,,1.31151742993848,84000015,USA,,60953.8150341274
419,Orel Oblast,Russia,1610296229000,52.9685433,36.0692477,23101,290,20472,2339,,3091.4811300681,,,1.25535691095624,64352,RUS,,
385,Ivanovo Oblast,Russia,1610296229000,56.9167446,41.4352137,23093,586,17713,4794,,2275.96619904873,,,2.53756549603776,64318,RUS,,
77,OHiggins,Chile,1610296229000,-34.5755,-71.0022,22705,604,21346,755,,2482.62816342374,,,2.66020700286281,15214,CHL,,
390,Kaluga Oblast,Russia,1610296229000,54.4382773,35.5272854,22690,191,20779,1720,,2241.97080003478,,,0.841780520052887,64323,RUS,,
404,Kursk Oblast,Russia,1610296229000,51.6568453,36.4852695,22539,319,19912,2308,,2021.00540064578,,,1.41532454856027,64337,RUS,,
172,Saarland,Germany,1610296229000,49.3964,7.023,22282,565,19522,2195,,2249.55048364023,,,2.53567902342698,27612,DEU,,
317,Zacatecas,Mexico,1610296229000,22.7709,-102.5832,22228,1865,,20363,,1333.87261120506,,,8.39031851718553,48432,MEX,,
442,Udmurt Republic,Russia,1610296229000,57.1961165,52.6959832,21732,419,18061,3252,,1436.30984954833,,,1.92803239462544,64375,RUS,,
322,Flevoland,Netherlands,1610296229000,52.550383,5.515162,21496,165,,21331,,5081.54441505268,,,0.767584666914775,52802,NLD,,
351,Huanuco,Peru,1610296229000,-9.421676,-76.040642,20888,505,,20383,,2747.33657766671,,,2.41765607047108,60410,PER,,
374,Bashkortostan Republic,Russia,1610296229000,54.8573563,57.1439682,20736,155,15480,5101,,510.324999944626,,,0.747492283950617,64307,RUS,,
373,Astrakhan Oblast,Russia,1610296229000,47.1878186,47.608851,20724,425,13470,6829,,2036.72873297075,,,2.05076240108087,64306,RUS,,
366,Ucayali,Peru,1610296229000,-9.621718,-73.444929,20602,398,,20204,,3497.19911729757,,,1.93185127657509,60425,PER,,
7,Victoria,Australia,1610296229000,-37.8136,144.9631,20410,820,19545,45,,307.84778050951,,,4.01763841254287,3607,AUS,,
416,Novgorod Oblast,Russia,1610296229000,58.2843833,32.5169757,20279,99,14769,5411,,3343.74319841181,,,0.488189752946398,64349,RUS,,
183,Chandigarh,India,1610296229000,30.733839,76.768278,20251,327,19696,228,,1748.07699445736,,,1.61473507481112,35606,IND,,
444,Vladimir Oblast,Russia,1610296229000,56.0503336,40.6561633,20251,544,17779,1928,,1469.234301916,,,2.68628709693348,64377,RUS,,
124,Cauca,Colombia,1610296229000,2.705,-76.826,20189,521,18152,1516,,1378.57053113443,,,2.58061320521076,17011,COL,,
388,Kaliningrad Oblast,Russia,1610296229000,54.7293041,21.1489473,19852,194,17999,1659,,1995.98028954383,,,0.977231513197663,64321,RUS,,
426,Ryazan Oblast,Russia,1610296229000,54.4226732,40.5705246,19482,190,17731,1561,,1737.17803533564,,,0.975259213633097,64359,RUS,,
362,Puno,Peru,1610296229000,-14.995827,-69.922726,19478,412,,19066,,1573.34410339257,,,2.11520690009241,60421,PER,,
236,Aichi,Japan,1610296229000,35.035551,137.211621,19437,252,15474,3711,,257.367384692142,,,1.29649637289705,39201,JPN,,
486,Uppsala,Sweden,1610296229000,60.0092,17.2715,19327,388,,18939,,5036.83742797351,,,2.00755419878926,75216,SWE,,
464,La Rioja,Spain,1610296229000,42.2871,-2.5396,19326,594,3107,15625,,6163.19748956377,,,3.07357963365414,72419,ESP,,
435,Tambov Oblast,Russia,1610296229000,52.9019574,41.3578918,19254,209,16893,2152,,1862.89610972646,,,1.08548872961463,64368,RUS,,
287,Baja California Sur,Mexico,1610296229000,26.0444,-111.6661,19030,805,,18225,,2364.83295804192,,,4.23016290068313,48403,MEX,,
558,Kherson Oblast,Ukraine,1610296229000,46.6354,32.6169,18959,486,12072,6401,,1827.12694190663,,,2.56342634105174,80409,UKR,,
477,Jonkoping,Sweden,1610296229000,57.3708,14.3439,18953,354,,18599,,5212.61059573871,,,1.86777818814963,75207,SWE,,
457,Cantabria,Spain,1610296229000,43.1828,-3.9878,18905,402,2287,16216,,3250.28668886822,,,2.12642158159217,72406,ESP,,
16,Luxembourg,Belgium,1610296229000,50.0547,5.4677,18830,0,,18830,,6615.42028822575,,,0,5608,BEL,,
325,Groningen,Netherlands,1610296229000,53.217922,6.741514,18679,129,,18550,,3188.27172083719,,,0.690615129289577,52805,NLD,,
432,Smolensk Oblast,Russia,1610296229000,55.0343496,33.0192065,18628,356,14275,3997,,1962.1887864092,,,1.91110156753275,64365,RUS,,
342,Amazonas,Peru,1610296229000,-5.077253,-78.050172,18579,255,,18324,,4353.09278350515,,,1.37251735830777,60401,PER,,
396,Khakassia Republic,Russia,1610296229000,53.72258845,91.44293627,18506,302,15536,2668,,3442.89347420434,,,1.63190316654058,64329,RUS,,
336,Balochistan,Pakistan,1610296229000,28.328492,65.898403,18373,188,17899,286,,148.836623028014,,,1.02324062482991,58602,PAK,,
73,Magallanes,Chile,1610296229000,-52.368,-70.9863,17916,241,17055,620,,10758.2280989353,,,1.34516633177048,15210,CHL,,
271,Saitama,Japan,1610296229000,35.997101,139.347635,17852,234,12357,5261,,242.89449913078,,,1.31077750392113,39235,JPN,,
142,Sucre,Colombia,1610296229000,8.814,-74.7233,17849,685,16651,513,,1972.56380247618,,,3.83775001400639,17029,COL,,
62,Saskatchewan,Canada,1610296229000,52.9399,-106.4509,17803,191,14426,3186,,1506.60169624919,,,1.07285288996237,12411,CAN,,
285,Aguascalientes,Mexico,1610296229000,21.8853,-102.2916,17691,1444,,16247,,1233.13595444137,,,8.16234243400599,48401,MEX,,
406,Lipetsk Oblast,Russia,1610296229000,52.6935178,39.1122664,17687,294,13056,4337,,1537.73123132392,,,1.66223780177532,64339,RUS,,
381,Chuvashia Republic,Russia,1610296229000,55.4259922,47.0849429,17364,633,15694,1037,,1410.4264663716,,,3.64547339322737,64314,RUS,,
78,Tarapaca,Chile,1610296229000,-19.9232,-69.5132,17340,303,15948,1089,,5245.67549416441,,,1.74740484429066,15215,CHL,,
151,French Polynesia,France,1610296229000,-17.6797,-149.4068,17241,122,4842,12277,,6137.68404864295,,,0.707615567542486,258,PYF,,
323,Friesland,Netherlands,1610296229000,53.087337,5.7925,17235,194,,17041,,2651.7138826107,,,1.1256164780969,52803,NLD,,
429,Sakhalin Oblast,Russia,1610296229000,49.7219665,143.448533,17154,17,14278,2859,,3499.52364534733,,,0.099102250204034,64362,RUS,,
371,Amur Oblast,Russia,1610296229000,52.8032368,128.437295,17148,105,15282,1761,,2147.73103012935,,,0.612316305108467,64304,RUS,,
387,Kabardino-Balkarian Republic,Russia,1610296229000,43.4806048,43.5978976,16815,281,15165,1369,,1942.07163547494,,,1.67112696996729,64320,RUS,,
180,Arunachal Pradesh,India,1610296229000,27.768456,96.384277,16767,56,16647,64,,1067.6503287576,,,0.333989383908869,35603,IND,,
307,Quintana Roo,Mexico,1610296229000,19.1817,-88.4791,16460,2085,,14375,,955.166924995024,,,12.6670716889429,48423,MEX,,
473,Gavleborg,Sweden,1610296229000,61.3012,16.1534,16401,371,,16030,,5707.03801908261,,,2.26205719163466,75203,SWE,,
359,Moquegua,Peru,1610296229000,-16.860271,-70.839046,16252,321,,15931,,8433.83497664764,,,1.97514152104356,60418,PER,,
392,Karachay-Cherkess Republic,Russia,1610296229000,43.7368326,41.7267991,15977,43,14382,1552,,3426.29823827752,,,0.26913688427114,64325,RUS,,
482,Ostergotland,Sweden,1610296229000,58.3454,15.5198,15843,396,,15447,,3403.47372152225,,,2.4995266048097,75212,SWE,,
400,Kostroma Oblast,Russia,1610296229000,58.424756,44.2533273,15778,246,11915,3617,,2452.57444149449,,,1.55913296995817,64333,RUS,,
389,Kalmykia Republic,Russia,1610296229000,46.2313018,45.3275745,15705,211,13181,2313,,5702.34520520092,,,1.3435211716014,64322,RUS,,
321,Drenthe,Netherlands,1610296229000,52.862485,6.618435,15658,175,,15483,,3171.67731454661,,,1.11763954528037,52801,NLD,,
346,Ayacucho,Peru,1610296229000,-14.091648,-74.08344,15427,384,,15043,,2308.73989823406,,,2.48914241265314,60405,PER,,
122,Caqueta,Colombia,1610296229000,0.8699,-73.8419,15413,546,13982,885,,3838.95947336042,,,3.54246415363654,17009,COL,,
441,Tyva Republic,Russia,1610296229000,51.4017149,93.8582593,14970,159,13788,1023,,4653.08558320538,,,1.06212424849699,64374,RUS,,
490,Vastmanland,Sweden,1610296229000,59.6714,16.2159,14952,267,,14685,,5420.43538943972,,,1.78571428571429,75220,SWE,,
364,Tacna,Peru,1610296229000,-17.644161,-70.27756,14877,272,,14605,,4009.9730458221,,,1.82832560328023,60423,PER,,
475,Halland,Sweden,1610296229000,56.8967,12.8034,14860,150,,14710,,4451.12745920299,,,1.00942126514132,75205,SWE,,
70,Coquimbo,Chile,1610296229000,-29.959,-71.3389,14785,310,14115,360,,1951.59361445433,,,2.09671964829219,15207,CHL,,
247,Hokkaido,Japan,1610296229000,43.385711,142.552318,14706,482,12573,1651,,280.111671338687,,,3.27757377940976,39212,JPN,,
168,Mecklenburg-Vorpommern,Germany,1610296229000,53.6127,12.4296,14679,239,10972,3468,,911.923214313448,,,1.62817630628789,27608,DEU,,
132,La Guajira,Colombia,1610296229000,11.3548,-72.5205,14548,558,13474,516,,1652.130462433,,,3.8355787737146,17019,COL,,
481,Orebro,Sweden,1610296229000,59.535,15.0066,14456,225,,14231,,4742.70435196273,,,1.55644714997233,75211,SWE,,
165,Bremen,Germany,1610296229000,53.0793,8.8017,14372,223,12808,1341,,2104.28910695095,,,1.5516281658781,27605,DEU,,
409,Mordovia Republic,Russia,1610296229000,54.4419829,44.4661144,14349,101,11893,2355,,1782.36048175531,,,0.703881803610008,64342,RUS,,
370,Altai Republic,Russia,1610296229000,50.7114101,86.8572186,14289,108,13300,881,,6552.69348766182,,,0.755826159983204,64303,RUS,,
239,Chiba,Japan,1610296229000,35.510141,140.198917,14227,132,9864,4231,,227.290809220463,,,0.92781331271526,39204,JPN,,
436,Tatarstan Republic,Russia,1610296229000,55.7648572,52.43104273,14183,211,11023,2949,,364.200453793303,,,1.487696538109,64369,RUS,,
150,French Guiana,France,1610296229000,4,-53,14113,74,9995,4044,,4725.09223856811,,,0.524339261673634,254,GUF,,
200,Meghalaya,India,1610296229000,25.536934,91.278882,13592,143,13286,163,,403.717575912389,,,1.05208946439082,35622,IND,,
403,Kurgan Oblast,Russia,1610296229000,55.7655302,64.5632681,13062,200,11429,1433,,1544.81708074277,,,1.53115908742918,64336,RUS,,
415,North Ossetia - Alania Republic,Russia,1610296229000,42.7933611,44.6324493,12849,101,11414,1334,,1830.95480680855,,,0.786053389368823,64348,RUS,,
383,Ingushetia Republic,Russia,1610296229000,43.11542075,45.01713552,12835,147,11060,1628,,2629.89121860164,,,1.14530580444098,64316,RUS,,
313,Tlaxcala,Mexico,1610296229000,19.3139,-98.2404,12259,1490,,10769,,888.326252471901,,,12.1543355901786,48429,MEX,,
248,Hyogo,Japan,1610296229000,35.039913,134.828057,12127,264,10096,1767,,221.854710502196,,,2.1769605013606,39213,JPN,,
333,Zeeland,Netherlands,1610296229000,51.47936,3.861559,11986,137,,11849,,3125.52152870494,,,1.14300016686134,52811,NLD,,
202,Nagaland,India,1610296229000,26.06702,94.470302,11975,84,11778,113,,532.294377682308,,,0.701461377870564,35624,IND,,
563,Luhansk Oblast,Ukraine,1610296229000,48.574,39.3078,11975,333,8607,3035,,556.502293625946,,,2.78079331941545,80414,UKR,,
216,Basilicata,Italy,1610296229000,40.63947052,15.80514834,11879,275,4967,6637,,2110.43777504179,,,2.31500968094957,38017,ITA,,
368,Adygea Republic,Russia,1610296229000,44.6939006,40.1520421,11796,101,9765,1930,,2601.81394692264,,,0.856222448287555,64301,RUS,,
472,Dalarna,Sweden,1610296229000,61.0917,14.6664,11661,259,,11402,,4049.43639179625,,,2.22107880970757,75202,SWE,,
76,Nuble,Chile,1610296229000,-36.7226,-71.7622,11552,228,10756,568,,2403.61707749959,,,1.97368421052632,15213,CHL,,
242,Fukuoka,Japan,1610296229000,33.526032,130.666949,11349,119,8113,3117,,222.369000871724,,,1.04855053308662,39207,JPN,,
489,Vasternorrland,Sweden,1610296229000,63.4276,17.7292,11250,255,,10995,,4585.34239261128,,,2.26666666666667,75219,SWE,,
66,Arica y Parinacota,Chile,1610296229000,-18.594,-69.4785,11243,231,10682,330,,4973.28237521454,,,2.05461175842747,15203,CHL,,
18,Unknown,Belgium,1610296229000,,,11055,20038,,-8983,,,,,181.257349615559,5610,BEL,,
301,Morelos,Mexico,1610296229000,18.6813,-99.1013,10993,1497,,9496,,537.802743366382,,,13.6177567542982,48417,MEX,,
391,Kamchatka Krai,Russia,1610296229000,57.1914882,160.0383819,10852,82,9486,1284,,3438.99834261322,,,0.755621083671213,64324,RUS,,
72,Los Rios,Chile,1610296229000,-40.231,-72.3311,10462,110,9244,1108,,2718.55356943329,,,1.05142420187345,15209,CHL,,
484,Sormland,Sweden,1610296229000,59.0336,16.7519,10084,328,,9756,,3389.1241513746,,,3.25267750892503,75214,SWE,,
479,Kronoberg,Sweden,1610296229000,56.7183,14.4115,9924,216,,9708,,4925.8198531784,,,2.17654171704958,75209,SWE,,
408,Mari El Republic,Russia,1610296229000,56.5767504,47.8817512,9688,130,8453,1105,,1419.83459689037,,,1.34186622625929,64341,RUS,,
378,Chechen Republic,Russia,1610296229000,43.3976147,45.6985005,9644,97,6002,3545,,671.129263365347,,,1.00580671920365,64311,RUS,,
358,Madre de Dios,Peru,1610296229000,-11.972699,-70.53172,9609,159,,9450,,5528.76869965478,,,1.65469871995005,60417,PER,,
195,Ladakh,India,1610296229000,34.1526,77.5771,9608,127,9278,203,,3502.87470514676,,,1.3218151540383,35618,IND,,
365,Tumbes,Peru,1610296229000,-3.857496,-80.545255,9544,349,,9195,,3794.8310139165,,,3.65674769488684,60424,PER,,
123,Casanare,Colombia,1610296229000,5.7589,-71.5724,9484,191,8703,590,,2255.38877156936,,,2.01391817798397,17010,COL,,
156,Reunion,France,1610296229000,-21.1151,55.5364,9247,42,8830,375,,1032.82892591153,,,0.454201362604088,638,REU,,
93,Hong Kong,China,1610296229000,22.3,114.2,9242,158,8422,662,,123.276174378297,,,1.70958666955205,344,HKG,,
488,Vasterbotten,Sweden,1610296229000,65.3337,16.5162,9070,92,,8978,,3337.79845143816,,,1.01433296582139,75218,SWE,,
562,Kirovohrad Oblast,Ukraine,1610296229000,48.5079,32.2623,8878,274,4861,3743,,938.925428507671,,,3.08628069384997,80413,UKR,,
67,Atacama,Chile,1610296229000,-27.5661,-70.0503,8826,115,8487,224,,3054.57112796943,,,1.30296850215273,15204,CHL,,
543,Vermont,US,1610296229000,44.0459,-72.7107,8790,156,5902,2732,50,1408.67867863055,752906,,1.77474402730375,84000050,USA,,120660.139842209
152,Guadeloupe,France,1610296229000,16.265,-61.551,8702,155,2242,6305,,2174.80949798439,,,1.78119972420133,312,GLP,,
177,Unknown,Germany,1610296229000,,,8512,0,,8512,,,,,0,27617,DEU,,
289,Chiapas,Mexico,1610296229000,16.7569,-93.1292,8504,1231,,7273,,148.402362361782,,,14.4755409219191,48405,MEX,,
335,Azad Jammu and Kashmir,Pakistan,1610296229000,34.027401,73.947253,8478,235,7949,294,,209.573126387081,,,2.77188016041519,58601,PAK,,
480,Norrbotten,Sweden,1610296229000,66.8309,20.3992,8334,144,,8190,,3332.36036194536,,,1.72786177105832,75210,SWE,,
302,Nayarit,Mexico,1610296229000,21.7514,-104.8455,8278,1084,,7194,,642.417065105454,,,13.0949504711283,48418,MEX,,
293,Colima,Mexico,1610296229000,19.1223,-104.0072,8239,818,,7421,,1049.34961720837,,,9.9283893676417,48409,MEX,,
350,Huancavelica,Peru,1610296229000,-13.023888,-75.00277,7935,153,,7782,,2172.18724336162,,,1.92816635160681,60409,PER,,
344,Apurimac,Peru,1610296229000,-14.027713,-72.975378,7825,166,,7659,,1816.80984443928,,,2.12140575079872,60403,PER,,
478,Kalmar,Sweden,1610296229000,57.235,16.1849,7777,120,,7657,,3168.51771876502,,,1.54301144400154,75208,SWE,,
569,Sevastopol*,Ukraine,1610296229000,44.6054,33.522,7658,283,6967,408,,1727.84520239795,,,3.69548184904675,80420,UKR,,
234,Valle d'Aosta,Italy,1610296229000,45.73750286,7.320149366,7505,389,6686,430,,5972.18022376777,,,5.18321119253831,38002,ITA,,
506,Guam,US,1610296229000,13.4443,144.7937,7399,124,7146,129,66,4505.29443642718,98511,,1.67590214893905,316,GUM,,59983.9248853735
288,Campeche,Mexico,1610296229000,19.8301,-90.5349,7385,980,,6405,,738.044626465471,,,13.2701421800948,48404,MEX,,
407,Magadan Oblast,Russia,1610296229000,62.48858785,153.9903764,7328,66,6863,399,,5085.67502481071,,,0.900655021834061,64340,RUS,,
225,Molise,Italy,1610296229000,41.55774754,14.65916051,7090,212,5632,1246,,2319.89712614154,,,2.9901269393512,38014,ITA,,
360,Pasco,Peru,1610296229000,-10.39655,-75.307635,6696,141,,6555,,2462.67009930121,,,2.10573476702509,60419,PER,,
487,Varmland,Sweden,1610296229000,59.7294,13.2354,6634,126,,6508,,2349.03368813161,,,1.89930660235152,75217,SWE,,
137,Putumayo,Colombia,1610296229000,0.436,-75.5277,6290,252,5661,377,,1806.52647178774,,,4.00635930047695,17024,COL,,
154,Mayotte,France,1610296229000,-12.8275,45.166244,6232,56,2964,3212,,2284.34861975052,,,0.898587933247754,175,MYT,,
153,Martinique,France,1610296229000,14.6415,-61.0242,6117,43,98,5976,,1630.04809934313,,,0.702958966813798,474,MTQ,,
318,Aruba,Netherlands,1610296229000,12.5211,-69.9683,6013,50,5436,527,,5631.94275331098,,,0.83153168135706,533,ABW,,
207,Sikkim,India,1610296229000,27.571671,88.472712,5984,129,5486,369,,866.931014949634,,,2.1557486631016,35629,IND,,
257,Kyoto,Japan,1610296229000,35.253815,135.443341,5937,71,4368,1498,,229.852839207157,,,1.1958901802257,39222,JPN,,
267,Okinawa,Japan,1610296229000,25.768923,126.668016,5918,87,5240,591,,407.248164011319,,,1.47009124704292,39232,JPN,,
471,Blekinge,Sweden,1610296229000,56.2784,15.018,5789,52,,5737,,3627.05662694385,,,0.898255311798238,75201,SWE,,
126,Choco,Colombia,1610296229000,5.2528,-76.826,5068,169,4779,120,,947.597910348412,,,3.33464877663773,17013,COL,,
2,New South Wales,Australia,1610296229000,-33.8688,151.2093,5007,54,3215,1738,,61.6777531411678,,,1.07849011384062,3602,AUS,,
178,Andaman and Nicobar Islands,India,1610296229000,11.225999,92.968178,4959,62,4873,24,,1189.10597646246,,,1.25025206694898,35601,IND,,
476,Jamtland Harjedalen,Sweden,1610296229000,63.1712,14.9592,4954,85,,4869,,3787.17223453864,,,1.71578522406136,75206,SWE,,
337,Gilgit-Baltistan,Pakistan,1610296229000,35.792146,74.982138,4879,101,4729,49,,481.361189600467,,,2.07009633121541,58603,PAK,,
116,Arauca,Colombia,1610296229000,7.0762,-70.7105,4757,137,4406,214,,1814.44384263886,,,2.87996636535632,17003,COL,,
466,Melilla,Spain,1610296229000,35.2923,-2.9381,4728,44,125,4559,,5582.77934560569,,,0.930626057529611,72415,ESP,,
320,Curacao,Netherlands,1610296229000,12.1696,-68.99,4445,19,3668,758,,2708.71419865935,,,0.427446569178853,531,CUW,,
201,Mizoram,India,1610296229000,23.309381,92.83822,4292,8,4186,98,,346.340188050134,,,0.186393289841566,35623,IND,,
246,Hiroshima,Japan,1610296229000,34.605309,132.788719,4067,50,2880,1137,,145.033640886435,,,1.22940742562085,39211,JPN,,
386,Jewish Autonomous Okrug,Russia,1610296229000,48.57527615,132.6630746,3895,77,3176,642,,2404.11322478304,,,1.97689345314506,64319,RUS,,
185,Dadra and Nagar Haveli and Daman and Diu,India,1610296229000,20.194742,73.080901,3380,2,3374,4,,548.947255588543,,,0.0591715976331361,35608,IND,,
274,Shizuoka,Japan,1610296229000,34.916975,138.407784,3360,44,2449,867,,92.2183114827168,,,1.30952380952381,39238,JPN,,
114,Amazonas,Colombia,1610296229000,-1.4429,-71.5724,3325,127,3155,43,,4341.35450260481,,,3.81954887218045,17001,COL,,
581,Channel Islands,United Kingdom,1610296229000,49.3723,-2.3644,3260,73,2850,337,,1912.03467469017,,,2.23926380368098,8261,GBR,,
461,Ceuta,Spain,1610296229000,35.8894,-5.3213,3225,62,163,3000,,3801.76590552759,,,1.92248062015504,72410,ESP,,
249,Ibaraki,Japan,1610296229000,36.303588,140.319591,3140,41,2377,722,,109.778425882257,,,1.30573248407643,39214,JPN,,
584,Gibraltar,United Kingdom,1610296229000,36.1408,-5.3536,3109,12,1842,1255,,9227.98373452851,,,0.385976198134448,292,GIB,,
244,Gifu,Japan,1610296229000,35.778671,137.055925,3037,44,2213,780,,152.875257917222,,,1.44879815607507,39209,JPN,,
245,Gunma,Japan,1610296229000,36.504479,138.985605,2872,45,2233,594,,147.854056925871,,,1.56685236768802,39210,JPN,,
259,Miyagi,Japan,1610296229000,38.446859,140.927086,2624,16,2104,504,,113.772104588823,,,0.609756097560976,39224,JPN,,
275,Tochigi,Japan,1610296229000,36.689912,139.819213,2510,12,1289,1209,,129.783504568276,,,0.47808764940239,39239,JPN,,
140,San Andres y Providencia,Colombia,1610296229000,12.5567,-81.7185,2499,41,2426,32,,4078.00261096606,,,1.640656262505,17027,COL,,
256,Kumamoto,Japan,1610296229000,32.608154,130.745231,2452,33,1719,700,,140.309355807245,,,1.34584013050571,39221,JPN,,
474,Gotland,Sweden,1610296229000,57.4684,18.4867,2380,34,,2346,,3987.53476527159,,,1.42857142857143,75204,SWE,,
263,Nara,Japan,1610296229000,34.317451,135.871644,2327,26,1905,396,,174.946226777524,,,1.11731843575419,39228,JPN,,
544,Virgin Islands,US,1610296229000,18.3358,-64.8963,2143,24,1984,135,78,1997.79990304657,37469,,1.11992533831078,850,VIR,,34930.2681135101
86,Guangdong,China,1610296229000,23.3417,113.4244,2068,8,2022,38,,1.82266878194959,,,0.386847195357834,15606,CHN,,
130,Guaviare,Colombia,1610296229000,1.0654,-73.2603,2023,37,1942,44,,2444.21085698406,,,1.82896688087,17017,COL,,
269,Port Quarantine,Japan,1610296229000,,,2016,1,1845,170,,,,,0.0496031746031746,39248,JPN,,
68,Aysen,Chile,1610296229000,-45.9864,-73.7669,1812,18,1617,177,,1756.52881986855,,,0.993377483443709,15205,CHL,,
266,Okayama,Japan,1610296229000,34.89246,133.826252,1807,15,1241,551,,95.629413003695,,,0.830105146651909,39231,JPN,,
331,Unknown,Netherlands,1610296229000,,,1702,12,,1690,,,,,0.705052878965922,52813,NLD,,
261,Nagano,Japan,1610296229000,36.132134,138.045528,1608,16,1159,433,,78.4853498894469,,,0.995024875621891,39226,JPN,,
106,Shanghai,China,1610296229000,31.202,121.4491,1562,7,1449,106,,6.44389438943894,,,0.448143405889885,15624,CHN,,
258,Mie,Japan,1610296229000,34.508018,136.376013,1562,20,1223,319,,87.7093485138263,,,1.28040973111396,39223,JPN,,
330,Sint Maarten,Netherlands,1610296229000,18.0425,-63.0548,1554,27,1432,95,,3623.89813907933,,,1.73745173745174,534,SXM,,
272,Shiga,Japan,1610296229000,35.215827,136.138064,1546,16,1091,439,,109.339626844929,,,1.03492884864166,39236,JPN,,
56,Nova Scotia,Canada,1610296229000,44.682,-63.7443,1529,65,1433,31,,156.426318497898,,,4.25114453891432,12407,CAN,,
113,Zhejiang,China,1610296229000,29.1832,120.0934,1308,1,1296,11,,2.2799372494335,,,0.0764525993883792,15631,CHN,,
92,Henan,China,1610296229000,33.882,113.614,1301,22,1273,6,,1.35450286309214,,,1.69100691775557,15612,CHN,,
260,Miyazaki,Japan,1610296229000,32.193204,131.299374,1295,11,728,556,,120.6558085756,,,0.849420849420849,39225,JPN,,
4,Queensland,Australia,1610296229000,-27.4698,153.0251,1274,6,1241,27,,24.9047013977128,,,0.470957613814757,3604,AUS,,
253,Kagoshima,Japan,1610296229000,31.009484,130.430665,1245,15,975,255,,77.7021144336827,,,1.20481927710843,39218,JPN,,
129,Guainia,Colombia,1610296229000,2.5854,-68.5247,1241,20,1209,12,,2579.29085089579,,,1.6116035455278,17016,COL,,
250,Ishikawa,Japan,1610296229000,36.769464,136.771027,1227,53,993,181,,107.854004178793,,,4.31947840260799,39215,JPN,,
243,Fukushima,Japan,1610296229000,37.378867,140.223295,1225,27,838,360,,66.3769920548095,,,2.20408163265306,39208,JPN,,
147,Vichada,Colombia,1610296229000,4.4234,-69.2878,1166,14,1140,12,,1081.55238943307,,,1.20068610634648,17033,COL,,
146,Vaupes,Colombia,1610296229000,0.8554,-70.812,1142,13,1125,4,,2799.22543324264,,,1.13835376532399,17032,COL,,
262,Nagasaki,Japan,1610296229000,33.235712,129.608033,1034,8,517,509,,77.9480808488953,,,0.773694390715667,39227,JPN,,
159,St Martin,France,1610296229000,18.0708,-63.0501,1025,12,855,158,,2651.38777516232,,,1.17073170731707,663,MAF,,
95,Hunan,China,1610296229000,27.6104,111.7088,1022,4,1017,1,,1.48137411219017,,,0.391389432485323,15614,CHN,,
82,Beijing,China,1610296229000,40.1824,116.4142,996,9,950,37,,4.62395543175488,,,0.903614457831325,15602,CHN,,
589,Turks and Caicos Islands,United Kingdom,1610296229000,21.694,-71.7979,994,6,812,176,,2567.28136783925,,,0.603621730382294,796,TCA,,
81,Anhui,China,1610296229000,31.8257,117.2264,993,6,986,1,,1.57020872865275,,,0.604229607250755,15601,CHN,,
111,Xinjiang,China,1610296229000,41.1129,85.2401,980,3,977,0,,3.9404905508645,,,0.306122448979592,15629,CHN,,
91,Heilongjiang,China,1610296229000,47.862,127.7615,971,13,949,9,,2.57354890007951,,,1.33882595262616,15611,CHN,,
98,Jiangxi,China,1610296229000,27.614,115.7221,935,1,934,0,,2.01161790017212,,,0.106951871657754,15617,CHN,,
8,Western Australia,Australia,1610296229000,-31.9505,115.8605,875,9,851,15,,33.2623736029803,,,1.02857142857143,3608,AUS,,
105,Shandong,China,1610296229000,36.3427,118.1498,864,7,852,5,,0.85995819647656,,,0.810185185185185,15623,CHN,,
108,Sichuan,China,1610296229000,30.6171,102.7103,857,3,833,21,,1.02745474163769,,,0.350058343057176,15626,CHN,,
265,Oita,Japan,1610296229000,33.200697,131.43324,829,9,658,162,,73.0117294356167,,,1.08564535585042,39230,JPN,,
413,Nenets Autonomous Okrug,Russia,1610296229000,68.27557185,57.1686375,815,0,716,99,,1852.3990272064,,,0,64346,RUS,,
53,New Brunswick,Canada,1610296229000,46.5653,-66.4619,765,9,584,172,,98.077803262337,,,1.17647058823529,12404,CAN,,
281,Wakayama,Japan,1610296229000,33.911879,135.505446,763,8,607,148,,82.4924616161387,,,1.04849279161206,39244,JPN,,
284,Yamanashi,Japan,1610296229000,35.612364,138.611489,748,11,546,191,,92.2368167940061,,,1.47058823529412,39247,JPN,,
255,Kochi,Japan,1610296229000,33.422519,133.367307,732,12,635,85,,104.866703245854,,,1.63934426229508,39220,JPN,,
279,Toyama,Japan,1610296229000,36.637464,137.269346,718,26,527,165,,68.8067679793618,,,3.62116991643454,39243,JPN,,
283,Yamaguchi,Japan,1610296229000,34.20119,131.573293,706,3,554,149,,51.9753580851866,,,0.424929178470255,39246,JPN,,
97,Jiangsu,China,1610296229000,32.9711,119.455,687,0,684,3,,0.853310147807726,,,0,15616,CHN,,
240,Ehime,Japan,1610296229000,33.624835,132.856842,662,13,431,218,,49.4319433399417,,,1.96374622356495,39205,JPN,,
264,Niigata,Japan,1610296229000,37.521819,138.918647,661,3,503,155,,29.7331751162563,,,0.453857791225416,39229,JPN,,
578,Bermuda,United Kingdom,1610296229000,32.3078,-64.7505,652,12,551,89,,1047.00271385673,,,1.84049079754601,60,BMU,,
148,Faroe Islands,Denmark,1610296229000,61.8926,-6.9118,646,1,607,38,,1322.00961833623,,,0.154798761609907,234,FRO,,
90,Hebei,China,1610296229000,37.8957,114.9042,598,6,367,225,,0.79142403388036,,,1.00334448160535,15610,CHN,,
83,Chongqing,China,1610296229000,30.0572,107.874,590,6,584,0,,1.90199871050935,,,1.01694915254237,15603,CHN,,
5,South Australia,Australia,1610296229000,-34.9285,138.6007,587,4,568,15,,33.4187304298321,,,0.681431005110733,3605,AUS,,
270,Saga,Japan,1610296229000,33.286977,130.115738,586,3,460,123,,71.9273460159492,,,0.511945392491468,39234,JPN,,
238,Aomori,Japan,1610296229000,40.781541,140.828896,561,8,464,89,,45.0106749916357,,,1.42602495543672,39203,JPN,,
380,Chukotka Autonomous Okrug,Russia,1610296229000,66.0006475,169.4900869,549,4,496,49,,1112.50709248602,,,0.728597449908925,64313,RUS,,
84,Fujian,China,1610296229000,26.0789,117.9874,526,1,497,28,,1.33468662775945,,,0.190114068441065,15604,CHN,,
104,Shaanxi,China,1610296229000,35.1917,108.8701,522,3,498,21,,1.35093167701863,,,0.574712643678161,15622,CHN,,
282,Yamagata,Japan,1610296229000,38.448396,140.102154,433,9,355,69,,40.1794247939529,,,2.07852193995381,39245,JPN,,
251,Iwate,Japan,1610296229000,39.593287,141.361777,429,25,340,64,,34.9685690437686,,,5.82750582750583,39216,JPN,,
252,Kagawa,Japan,1610296229000,34.217292,133.969047,427,4,256,167,,44.6490656634046,,,0.936768149882904,39217,JPN,,
241,Fukui,Japan,1610296229000,35.846614,136.224654,397,12,338,47,,51.6969490986891,,,3.02267002518892,39206,JPN,,
585,Isle of Man,United Kingdom,1610296229000,54.2361,-4.5481,394,25,349,20,,463.354972245743,,,6.34517766497462,833,IMN,,
54,Newfoundland and Labrador,Canada,1610296229000,53.1355,-57.6604,392,4,381,7,,75.1872488563674,,,1.02040816326531,12405,CAN,,
100,Liaoning,China,1610296229000,41.2956,122.6085,387,2,314,71,,0.887818306951136,,,0.516795865633075,15619,CHN,,
96,Inner Mongolia,China,1610296229000,44.0935,113.9448,366,1,349,16,,1.44435674822415,,,0.273224043715847,15615,CHN,,
580,Cayman Islands,United Kingdom,1610296229000,19.3133,-81.2546,359,2,311,46,,546.256847230676,,,0.557103064066852,136,CYM,,
109,Tianjin,China,1610296229000,39.3054,117.323,320,3,303,14,,2.05128205128205,,,0.9375,15627,CHN,,
57,Nunavut,Canada,1610296229000,70.2998,-83.1076,266,1,265,0,,685.920577617328,,,0.37593984962406,12416,CAN,,
87,Guangxi,China,1610296229000,23.8298,108.7881,264,2,261,1,,0.535931790499391,,,0.757575757575758,15607,CHN,,
6,Tasmania,Australia,1610296229000,-42.8821,147.3272,234,13,221,0,,43.6974789915966,,,5.55555555555556,3606,AUS,,
273,Shimane,Japan,1610296229000,35.07076,132.554064,233,0,204,29,,34.5519955631086,,,0,39237,JPN,,
112,Yunnan,China,1610296229000,24.974,101.487,230,2,219,9,,0.476190476190476,,,0.869565217391304,15630,CHN,,
276,Tokushima,Japan,1610296229000,33.919178,134.242091,229,10,188,31,,31.4570377910291,,,4.36681222707424,39240,JPN,,
107,Shanxi,China,1610296229000,37.5777,112.2922,226,0,223,3,,0.607853684776762,,,0,15625,CHN,,
157,Saint Barthelemy,France,1610296229000,17.9,-62.8333,206,1,172,33,,2083.96560445119,,,0.485436893203884,652,BLM,,
319,"Bonaire, Sint Eustatius and Saba",Netherlands,1610296229000,12.1784,-68.2385,196,3,180,13,,747.492467869265,,,1.53061224489796,535,BES,,
85,Gansu,China,1610296229000,35.7518,104.2861,182,2,180,0,,0.690178232840349,,,1.0989010989011,15605,CHN,,
237,Akita,Japan,1610296229000,39.748679,140.408228,173,1,133,39,,17.899823071113,,,0.578034682080925,39202,JPN,,
89,Hainan,China,1610296229000,19.1959,109.7453,171,6,165,0,,1.83083511777302,,,3.50877192982456,15609,CHN,,
278,Tottori,Japan,1610296229000,35.359069,133.863619,166,1,86,79,,29.8798685285785,,,0.602409638554217,39242,JPN,,
99,Jilin,China,1610296229000,43.6661,126.1923,157,2,155,0,,0.580621301775148,,,1.27388535031847,15618,CHN,,
88,Guizhou,China,1610296229000,26.8154,106.8748,147,2,145,0,,0.408333333333333,,,1.36054421768707,15608,CHN,,
531,Northern Mariana Islands,US,1610296229000,15.0979,145.6739,125,2,29,94,69,226.679239808501,17554,,1.6,580,MNP,,31833.0190047875
1,Australian Capital Territory,Australia,1610296229000,-35.4735,149.0124,118,3,115,0,,27.5636533520206,,,2.54237288135593,3601,AUS,,
579,British Virgin Islands,United Kingdom,1610296229000,18.4207,-64.64,114,1,95,18,,377.021529913682,,,0.87719298245614,92,VGB,,
505,Grand Princess,US,1610296229000,,,103,3,,100,99999,,,,2.9126213592233,84099999,USA,,
59,Prince Edward Island,Canada,1610296229000,46.5107,-63.4168,102,0,94,8,,64.4924695557607,,,0,12409,CAN,,
3,Northern Territory,Australia,1610296229000,-12.4634,130.8456,90,0,71,19,,36.6449511400651,,,0,3603,AUS,,
102,Ningxia,China,1610296229000,37.2692,106.1655,75,0,75,0,,1.09011627906977,,,0,15620,CHN,,
63,Yukon,Canada,1610296229000,64.2823,-135,70,1,59,10,,170.407517405911,,,1.42857142857143,12412,CAN,,
79,Unknown,Chile,1610296229000,,,53,1,50,2,,,,,1.88679245283019,15217,CHL,,
501,Diamond Princess,US,1610296229000,,,49,0,,49,88888,,,,0,84088888,USA,,
101,Macau,China,1610296229000,22.1667,113.55,46,0,46,0,,7.08409436013688,,,0,446,MAC,,
155,New Caledonia,France,1610296229000,-20.904305,165.618042,40,0,40,0,,14.0109495570789,,,0,540,NCL,,
149,Greenland,Denmark,1610296229000,71.7069,-42.6043,29,0,28,1,,51.0815190586909,,,0,304,GRL,,
583,Falkland Islands (Malvinas),United Kingdom,1610296229000,-51.7963,-59.5236,29,0,27,2,,832.615561297732,,,0,238,FLK,,
55,Northwest Territories,Canada,1610296229000,64.8255,-124.8457,24,0,24,0,,53.4473543559594,,,0,12406,CAN,,
103,Qinghai,China,1610296229000,35.7452,95.9956,18,0,18,0,,0.298507462686567,,,0,15621,CHN,,
158,Saint Pierre and Miquelon,France,1610296229000,46.8852,-56.3159,16,0,15,1,,276.100086281277,,,0,666,SPM,,
577,Anguilla,United Kingdom,1610296229000,18.2206,-63.0686,15,0,13,2,,99.9866684442074,,,0,660,AIA,,
51,Grand Princess,Canada,1610296229000,,,13,0,13,0,,,,,0,12414,CAN,,
61,Repatriated Travellers,Canada,1610296229000,,,13,0,13,0,,,,,0,,,,
586,Montserrat,United Kingdom,1610296229000,16.742498,-62.187366,13,1,12,0,,260.05201040208,,,7.69230769230769,500,MSR,,
280,Unknown,Japan,1610296229000,,,8,0,8,0,,,,,0,39249,JPN,,
160,Wallis and Futuna,France,1610296229000,-14.2938,-178.1165,4,0,1,3,,26.1626005624959,,,0,876,WLF,,
110,Tibet,China,1610296229000,31.6927,88.0924,1,0,1,0,,0.0290697674418605,,,0,15628,CHN,,
